location,date,total_cases,total_deaths,new_cases,new_deaths,population,continent,iso_code
France,2023-06-01,1087,20,1087,20,67000000,Europe,FRA
France,2023-06-02,2170,40,1083,20,67000000,Europe,FRA
France,2023-06-03,3266,64,1096,24,67000000,Europe,FRA
France,2023-06-04,4507,86,1241,22,67000000,Europe,FRA
France,2023-06-05,5760,106,1253,20,67000000,Europe,FRA
France,2023-06-06,7018,132,1258,26,67000000,Europe,FRA
France,2023-06-07,8408,162,1390,30,67000000,Europe,FRA
France,2023-06-08,9826,189,1418,27,67000000,Europe,FRA
France,2023-06-09,11185,217,1359,28,67000000,Europe,FRA
France,2023-06-10,12675,244,1490,27,67000000,Europe,FRA
France,2023-06-11,14177,274,1502,30,67000000,Europe,FRA
France,2023-06-12,15685,304,1508,30,67000000,Europe,FRA
France,2023-06-13,17219,340,1534,36,67000000,Europe,FRA
France,2023-06-14,18867,369,1648,29,67000000,Europe,FRA
France,2023-06-15,20577,405,1710,36,67000000,Europe,FRA
France,2023-06-16,22387,440,1810,35,67000000,Europe,FRA
France,2023-06-17,24215,483,1828,43,67000000,Europe,FRA
France,2023-06-18,26000,519,1785,36,67000000,Europe,FRA
France,2023-06-19,27983,564,1983,45,67000000,Europe,FRA
France,2023-06-20,29987,609,2004,45,67000000,Europe,FRA
France,2023-06-21,31997,644,2010,35,67000000,Europe,FRA
France,2023-06-22,34036,679,2039,35,67000000,Europe,FRA
France,2023-06-23,36182,724,2146,45,67000000,Europe,FRA
France,2023-06-24,38387,771,2205,47,67000000,Europe,FRA
France,2023-06-25,40676,819,2289,48,67000000,Europe,FRA
France,2023-06-26,43007,873,2331,54,67000000,Europe,FRA
France,2023-06-27,45368,921,2361,48,67000000,Europe,FRA
France,2023-06-28,47779,961,2411,40,67000000,Europe,FRA
France,2023-06-29,50151,1010,2372,49,67000000,Europe,FRA
France,2023-06-30,52520,1050,2369,40,67000000,Europe,FRA
France,2023-07-01,55012,1092,2492,42,67000000,Europe,FRA
France,2023-07-02,57515,1146,2503,54,67000000,Europe,FRA
France,2023-07-03,60151,1190,2636,44,67000000,Europe,FRA
France,2023-07-04,62860,1247,2709,57,67000000,Europe,FRA
France,2023-07-05,65617,1310,2757,63,67000000,Europe,FRA
France,2023-07-06,68280,1356,2663,46,67000000,Europe,FRA
France,2023-07-07,70996,1399,2716,43,67000000,Europe,FRA
France,2023-07-08,73793,1465,2797,66,67000000,Europe,FRA
France,2023-07-09,76792,1516,2999,51,67000000,Europe,FRA
France,2023-07-10,79700,1579,2908,63,67000000,Europe,FRA
France,2023-07-11,82782,1637,3082,58,67000000,Europe,FRA
France,2023-07-12,85818,1695,3036,58,67000000,Europe,FRA
France,2023-07-13,88830,1767,3012,72,67000000,Europe,FRA
France,2023-07-14,92031,1841,3201,74,67000000,Europe,FRA
France,2023-07-15,95225,1899,3194,58,67000000,Europe,FRA
France,2023-07-16,98500,1956,3275,57,67000000,Europe,FRA
France,2023-07-17,101717,2017,3217,61,67000000,Europe,FRA
France,2023-07-18,105040,2090,3323,73,67000000,Europe,FRA
France,2023-07-19,108525,2150,3485,60,67000000,Europe,FRA
France,2023-07-20,111949,2210,3424,60,67000000,Europe,FRA
France,2023-07-21,115542,2295,3593,85,67000000,Europe,FRA
France,2023-07-22,119186,2373,3644,78,67000000,Europe,FRA
France,2023-07-23,122792,2438,3606,65,67000000,Europe,FRA
France,2023-07-24,126370,2504,3578,66,67000000,Europe,FRA
France,2023-07-25,129982,2589,3612,85,67000000,Europe,FRA
France,2023-07-26,133669,2664,3687,75,67000000,Europe,FRA
France,2023-07-27,137557,2740,3888,76,67000000,Europe,FRA
France,2023-07-28,141452,2807,3895,67,67000000,Europe,FRA
France,2023-07-29,145310,2895,3858,88,67000000,Europe,FRA
France,2023-07-30,149248,2960,3938,65,67000000,Europe,FRA
France,2023-07-31,153213,3030,3965,70,67000000,Europe,FRA
France,2023-08-01,157254,3109,4041,79,67000000,Europe,FRA
France,2023-08-02,161310,3190,4056,81,67000000,Europe,FRA
France,2023-08-03,165487,3283,4177,93,67000000,Europe,FRA
France,2023-08-04,169609,3366,4122,83,67000000,Europe,FRA
France,2023-08-05,173789,3437,4180,71,67000000,Europe,FRA
France,2023-08-06,178143,3521,4354,84,67000000,Europe,FRA
France,2023-08-07,182556,3625,4413,104,67000000,Europe,FRA
France,2023-08-08,187030,3721,4474,96,67000000,Europe,FRA
France,2023-08-09,191483,3794,4453,73,67000000,Europe,FRA
France,2023-08-10,196072,3874,4589,80,67000000,Europe,FRA
France,2023-08-11,200538,3976,4466,102,67000000,Europe,FRA
France,2023-08-12,205141,4080,4603,104,67000000,Europe,FRA
France,2023-08-13,209765,4176,4624,96,67000000,Europe,FRA
France,2023-08-14,214386,4284,4621,108,67000000,Europe,FRA
France,2023-08-15,219177,4383,4791,99,67000000,Europe,FRA
France,2023-08-16,224027,4469,4850,86,67000000,Europe,FRA
France,2023-08-17,228952,4574,4925,105,67000000,Europe,FRA
France,2023-08-18,233891,4655,4939,81,67000000,Europe,FRA
France,2023-08-19,238784,4760,4893,105,67000000,Europe,FRA
France,2023-08-20,243853,4856,5069,96,67000000,Europe,FRA
France,2023-08-21,248859,4948,5006,92,67000000,Europe,FRA
France,2023-08-22,253892,5030,5033,82,67000000,Europe,FRA
France,2023-08-23,259031,5131,5139,101,67000000,Europe,FRA
France,2023-08-24,264269,5246,5238,115,67000000,Europe,FRA
France,2023-08-25,269550,5337,5281,91,67000000,Europe,FRA
France,2023-08-26,274880,5449,5330,112,67000000,Europe,FRA
France,2023-08-27,280318,5545,5438,96,67000000,Europe,FRA
France,2023-08-28,285699,5661,5381,116,67000000,Europe,FRA
France,2023-08-29,291133,5780,5434,119,67000000,Europe,FRA
France,2023-08-30,296703,5879,5570,99,67000000,Europe,FRA
France,2023-08-31,302261,5982,5558,103,67000000,Europe,FRA
France,2023-09-01,307805,6088,5544,106,67000000,Europe,FRA
France,2023-09-02,313418,6197,5613,109,67000000,Europe,FRA
France,2023-09-03,319092,6288,5674,91,67000000,Europe,FRA
France,2023-09-04,324939,6392,5847,104,67000000,Europe,FRA
France,2023-09-05,330756,6507,5817,115,67000000,Europe,FRA
France,2023-09-06,336690,6631,5934,124,67000000,Europe,FRA
France,2023-09-07,342654,6741,5964,110,67000000,Europe,FRA
France,2023-09-08,348550,6864,5896,123,67000000,Europe,FRA
France,2023-09-09,354573,6964,6023,100,67000000,Europe,FRA
France,2023-09-10,360683,7070,6110,106,67000000,Europe,FRA
France,2023-09-11,366706,7173,6023,103,67000000,Europe,FRA
France,2023-09-12,372778,7316,6072,143,67000000,Europe,FRA
France,2023-09-13,378878,7413,6100,97,67000000,Europe,FRA
France,2023-09-14,385129,7546,6251,133,67000000,Europe,FRA
France,2023-09-15,391377,7676,6248,130,67000000,Europe,FRA
France,2023-09-16,397703,7807,6326,131,67000000,Europe,FRA
France,2023-09-17,404114,7935,6411,128,67000000,Europe,FRA
France,2023-09-18,410475,8043,6361,108,67000000,Europe,FRA
France,2023-09-19,416943,8182,6468,139,67000000,Europe,FRA
France,2023-09-20,423476,8305,6533,123,67000000,Europe,FRA
France,2023-09-21,430099,8411,6623,106,67000000,Europe,FRA
France,2023-09-22,436696,8521,6597,110,67000000,Europe,FRA
France,2023-09-23,443311,8644,6615,123,67000000,Europe,FRA
France,2023-09-24,450083,8753,6772,109,67000000,Europe,FRA
France,2023-09-25,456879,8868,6796,115,67000000,Europe,FRA
France,2023-09-26,463672,9014,6793,146,67000000,Europe,FRA
France,2023-09-27,470671,9135,6999,121,67000000,Europe,FRA
France,2023-09-28,477584,9270,6913,135,67000000,Europe,FRA
France,2023-09-29,484533,9427,6949,157,67000000,Europe,FRA
France,2023-09-30,491600,9595,7067,168,67000000,Europe,FRA
France,2023-10-01,498718,9744,7118,149,67000000,Europe,FRA
France,2023-10-02,505801,9874,7083,130,67000000,Europe,FRA
France,2023-10-03,513031,10028,7230,154,67000000,Europe,FRA
France,2023-10-04,520311,10154,7280,126,67000000,Europe,FRA
France,2023-10-05,527695,10297,7384,143,67000000,Europe,FRA
France,2023-10-06,534968,10445,7273,148,67000000,Europe,FRA
France,2023-10-07,542428,10622,7460,177,67000000,Europe,FRA
France,2023-10-08,549956,10750,7528,128,67000000,Europe,FRA
France,2023-10-09,557464,10911,7508,161,67000000,Europe,FRA
France,2023-10-10,565040,11057,7576,146,67000000,Europe,FRA
France,2023-10-11,572738,11182,7698,125,67000000,Europe,FRA
France,2023-10-12,580454,11324,7716,142,67000000,Europe,FRA
France,2023-10-13,588244,11452,7790,128,67000000,Europe,FRA
France,2023-10-14,595937,11577,7693,125,67000000,Europe,FRA
France,2023-10-15,603777,11746,7840,169,67000000,Europe,FRA
France,2023-10-16,611556,11899,7779,153,67000000,Europe,FRA
France,2023-10-17,619397,12028,7841,129,67000000,Europe,FRA
France,2023-10-18,627359,12175,7962,147,67000000,Europe,FRA
France,2023-10-19,635305,12320,7946,145,67000000,Europe,FRA
France,2023-10-20,643372,12458,8067,138,67000000,Europe,FRA
France,2023-10-21,651429,12616,8057,158,67000000,Europe,FRA
France,2023-10-22,659552,12749,8123,133,67000000,Europe,FRA
France,2023-10-23,667703,12886,8151,137,67000000,Europe,FRA
France,2023-10-24,675889,13081,8186,195,67000000,Europe,FRA
France,2023-10-25,684135,13218,8246,137,67000000,Europe,FRA
France,2023-10-26,692532,13382,8397,164,67000000,Europe,FRA
France,2023-10-27,700914,13581,8382,199,67000000,Europe,FRA
France,2023-10-28,709459,13718,8545,137,67000000,Europe,FRA
France,2023-10-29,718009,13900,8550,182,67000000,Europe,FRA
France,2023-10-30,726599,14073,8590,173,67000000,Europe,FRA
France,2023-10-31,735187,14257,8588,184,67000000,Europe,FRA
France,2023-11-01,743794,14452,8607,195,67000000,Europe,FRA
France,2023-11-02,752468,14633,8674,181,67000000,Europe,FRA
France,2023-11-03,761195,14827,8727,194,67000000,Europe,FRA
France,2023-11-04,770090,14999,8895,172,67000000,Europe,FRA
France,2023-11-05,779007,15154,8917,155,67000000,Europe,FRA
France,2023-11-06,787914,15305,8907,151,67000000,Europe,FRA
France,2023-11-07,796915,15513,9001,208,67000000,Europe,FRA
France,2023-11-08,805990,15696,9075,183,67000000,Europe,FRA
France,2023-11-09,815110,15898,9120,202,67000000,Europe,FRA
France,2023-11-10,824143,16066,9033,168,67000000,Europe,FRA
France,2023-11-11,833251,16228,9108,162,67000000,Europe,FRA
France,2023-11-12,842371,16415,9120,187,67000000,Europe,FRA
France,2023-11-13,851665,16576,9294,161,67000000,Europe,FRA
France,2023-11-14,860989,16742,9324,166,67000000,Europe,FRA
France,2023-11-15,870290,16930,9301,188,67000000,Europe,FRA
France,2023-11-16,879774,17114,9484,184,67000000,Europe,FRA
France,2023-11-17,889284,17280,9510,166,67000000,Europe,FRA
France,2023-11-18,898823,17474,9539,194,67000000,Europe,FRA
France,2023-11-19,908395,17653,9572,179,67000000,Europe,FRA
France,2023-11-20,918072,17872,9677,219,67000000,Europe,FRA
France,2023-11-21,927812,18053,9740,181,67000000,Europe,FRA
France,2023-11-22,937459,18260,9647,207,67000000,Europe,FRA
France,2023-11-23,947209,18418,9750,158,67000000,Europe,FRA
France,2023-11-24,956972,18594,9763,176,67000000,Europe,FRA
France,2023-11-25,966875,18778,9903,184,67000000,Europe,FRA
France,2023-11-26,976836,19000,9961,222,67000000,Europe,FRA
France,2023-11-27,986825,19176,9989,176,67000000,Europe,FRA
France,2023-11-28,996884,19344,10059,168,67000000,Europe,FRA
France,2023-11-29,1007002,19580,10118,236,67000000,Europe,FRA
France,2023-11-30,1017032,19810,10030,230,67000000,Europe,FRA
France,2023-12-01,1027255,20026,10223,216,67000000,Europe,FRA
France,2023-12-02,1037527,20191,10272,165,67000000,Europe,FRA
France,2023-12-03,1047759,20423,10232,232,67000000,Europe,FRA
France,2023-12-04,1058111,20661,10352,238,67000000,Europe,FRA
France,2023-12-05,1068545,20886,10434,225,67000000,Europe,FRA
France,2023-12-06,1079003,21131,10458,245,67000000,Europe,FRA
France,2023-12-07,1089433,21326,10430,195,67000000,Europe,FRA
France,2023-12-08,1099938,21504,10505,178,67000000,Europe,FRA
France,2023-12-09,1110517,21723,10579,219,67000000,Europe,FRA
France,2023-12-10,1121144,21910,10627,187,67000000,Europe,FRA
France,2023-12-11,1131765,22086,10621,176,67000000,Europe,FRA
France,2023-12-12,1142457,22275,10692,189,67000000,Europe,FRA
France,2023-12-13,1153264,22526,10807,251,67000000,Europe,FRA
France,2023-12-14,1164071,22777,10807,251,67000000,Europe,FRA
France,2023-12-15,1175019,22997,10948,220,67000000,Europe,FRA
France,2023-12-16,1186014,23191,10995,194,67000000,Europe,FRA
France,2023-12-17,1197021,23444,11007,253,67000000,Europe,FRA
Germany,2023-06-01,979,18,979,18,83000000,Europe,GER
Germany,2023-06-02,2116,38,1137,20,83000000,Europe,GER
Germany,2023-06-03,3277,62,1161,24,83000000,Europe,GER
Germany,2023-06-04,4434,83,1157,21,83000000,Europe,GER
Germany,2023-06-05,5733,106,1299,23,83000000,Europe,GER
Germany,2023-06-06,6945,134,1212,28,83000000,Europe,GER
Germany,2023-06-07,8160,158,1215,24,83000000,Europe,GER
Germany,2023-06-08,9565,184,1405,26,83000000,Europe,GER
Germany,2023-06-09,11045,217,1480,33,83000000,Europe,GER
Germany,2023-06-10,12582,246,1537,29,83000000,Europe,GER
Germany,2023-06-11,14088,276,1506,30,83000000,Europe,GER
Germany,2023-06-12,15678,312,1590,36,83000000,Europe,GER
Germany,2023-06-13,17340,340,1662,28,83000000,Europe,GER
Germany,2023-06-14,19009,371,1669,31,83000000,Europe,GER
Germany,2023-06-15,20692,401,1683,30,83000000,Europe,GER
Germany,2023-06-16,22437,436,1745,35,83000000,Europe,GER
Germany,2023-06-17,24240,465,1803,29,83000000,Europe,GER
Germany,2023-06-18,26186,508,1946,43,83000000,Europe,GER
Germany,2023-06-19,28147,550,1961,42,83000000,Europe,GER
Germany,2023-06-20,30081,592,1934,42,83000000,Europe,GER
Germany,2023-06-21,32010,623,1929,31,83000000,Europe,GER
Germany,2023-06-22,34144,670,2134,47,83000000,Europe,GER
Germany,2023-06-23,36203,716,2059,46,83000000,Europe,GER
Germany,2023-06-24,38432,758,2229,42,83000000,Europe,GER
Germany,2023-06-25,40684,796,2252,38,83000000,Europe,GER
Germany,2023-06-26,43013,848,2329,52,83000000,Europe,GER
Germany,2023-06-27,45365,896,2352,48,83000000,Europe,GER
Germany,2023-06-28,47703,941,2338,45,83000000,Europe,GER
Germany,2023-06-29,50013,979,2310,38,83000000,Europe,GER
Germany,2023-06-30,52423,1021,2410,42,83000000,Europe,GER
Germany,2023-07-01,54988,1076,2565,55,83000000,Europe,GER
Germany,2023-07-02,57462,1128,2474,52,83000000,Europe,GER
Germany,2023-07-03,59992,1175,2530,47,83000000,Europe,GER
Germany,2023-07-04,62719,1239,2727,64,83000000,Europe,GER
Germany,2023-07-05,65461,1298,2742,59,83000000,Europe,GER
Germany,2023-07-06,68187,1357,2726,59,83000000,Europe,GER
Germany,2023-07-07,70957,1413,2770,56,83000000,Europe,GER
Germany,2023-07-08,73802,1470,2845,57,83000000,Europe,GER
Germany,2023-07-09,76667,1529,2865,59,83000000,Europe,GER
Germany,2023-07-10,79656,1594,2989,65,83000000,Europe,GER
Germany,2023-07-11,82650,1655,2994,61,83000000,Europe,GER
Germany,2023-07-12,85725,1719,3075,64,83000000,Europe,GER
Germany,2023-07-13,88752,1782,3027,63,83000000,Europe,GER
Germany,2023-07-14,91837,1840,3085,58,83000000,Europe,GER
Germany,2023-07-15,94985,1898,3148,58,83000000,Europe,GER
Germany,2023-07-16,98297,1958,3312,60,83000000,Europe,GER
Germany,2023-07-17,101570,2018,3273,60,83000000,Europe,GER
Germany,2023-07-18,104878,2072,3308,54,83000000,Europe,GER
Germany,2023-07-19,108362,2131,3484,59,83000000,Europe,GER
Germany,2023-07-20,111833,2198,3471,67,83000000,Europe,GER
Germany,2023-07-21,115366,2278,3533,80,83000000,Europe,GER
Germany,2023-07-22,118883,2341,3517,63,83000000,Europe,GER
Germany,2023-07-23,122385,2411,3502,70,83000000,Europe,GER
Germany,2023-07-24,125946,2482,3561,71,83000000,Europe,GER
Germany,2023-07-25,129661,2544,3715,62,83000000,Europe,GER
Germany,2023-07-26,133323,2624,3662,80,83000000,Europe,GER
Germany,2023-07-27,137058,2689,3735,65,83000000,Europe,GER
Germany,2023-07-28,140839,2757,3781,68,83000000,Europe,GER
Germany,2023-07-29,144716,2828,3877,71,83000000,Europe,GER
Germany,2023-07-30,148642,2900,3926,72,83000000,Europe,GER
Germany,2023-07-31,152582,2988,3940,88,83000000,Europe,GER
Germany,2023-08-01,156688,3069,4106,81,83000000,Europe,GER
Germany,2023-08-02,160879,3139,4191,70,83000000,Europe,GER
Germany,2023-08-03,165019,3214,4140,75,83000000,Europe,GER
Germany,2023-08-04,169220,3296,4201,82,83000000,Europe,GER
Germany,2023-08-05,173544,3399,4324,103,83000000,Europe,GER
Germany,2023-08-06,177801,3469,4257,70,83000000,Europe,GER
Germany,2023-08-07,182078,3551,4277,82,83000000,Europe,GER
Germany,2023-08-08,186412,3653,4334,102,83000000,Europe,GER
Germany,2023-08-09,190818,3757,4406,104,83000000,Europe,GER
Germany,2023-08-10,195316,3832,4498,75,83000000,Europe,GER
Germany,2023-08-11,199894,3922,4578,90,83000000,Europe,GER
Germany,2023-08-12,204589,4019,4695,97,83000000,Europe,GER
Germany,2023-08-13,209171,4101,4582,82,83000000,Europe,GER
Germany,2023-08-14,213892,4198,4721,97,83000000,Europe,GER
Germany,2023-08-15,218589,4286,4697,88,83000000,Europe,GER
Germany,2023-08-16,223461,4394,4872,108,83000000,Europe,GER
Germany,2023-08-17,228381,4500,4920,106,83000000,Europe,GER
Germany,2023-08-18,233229,4606,4848,106,83000000,Europe,GER
Germany,2023-08-19,238126,4700,4897,94,83000000,Europe,GER
Germany,2023-08-20,243078,4817,4952,117,83000000,Europe,GER
Germany,2023-08-21,248160,4899,5082,82,83000000,Europe,GER
Germany,2023-08-22,253313,5001,5153,102,83000000,Europe,GER
Germany,2023-08-23,258423,5087,5110,86,83000000,Europe,GER
Germany,2023-08-24,263622,5194,5199,107,83000000,Europe,GER
Germany,2023-08-25,268865,5307,5243,113,83000000,Europe,GER
Germany,2023-08-26,274118,5405,5253,98,83000000,Europe,GER
Germany,2023-08-27,279528,5506,5410,101,83000000,Europe,GER
Germany,2023-08-28,284858,5630,5330,124,83000000,Europe,GER
Germany,2023-08-29,290365,5720,5507,90,83000000,Europe,GER
Germany,2023-08-30,295785,5849,5420,129,83000000,Europe,GER
Germany,2023-08-31,301282,5959,5497,110,83000000,Europe,GER
Germany,2023-09-01,306827,6057,5545,98,83000000,Europe,GER
Germany,2023-09-02,312415,6175,5588,118,83000000,Europe,GER
Germany,2023-09-03,318105,6276,5690,101,83000000,Europe,GER
Germany,2023-09-04,323861,6394,5756,118,83000000,Europe,GER
Germany,2023-09-05,329577,6517,5716,123,83000000,Europe,GER
Germany,2023-09-06,335401,6623,5824,106,83000000,Europe,GER
Germany,2023-09-07,341295,6728,5894,105,83000000,Europe,GER
Germany,2023-09-08,347227,6832,5932,104,83000000,Europe,GER
Germany,2023-09-09,353274,6968,6047,136,83000000,Europe,GER
Germany,2023-09-10,359298,7081,6024,113,83000000,Europe,GER
Germany,2023-09-11,365484,7212,6186,131,83000000,Europe,GER
Germany,2023-09-12,371683,7328,6199,116,83000000,Europe,GER
Germany,2023-09-13,377822,7463,6139,135,83000000,Europe,GER
Germany,2023-09-14,384050,7600,6228,137,83000000,Europe,GER
Germany,2023-09-15,390419,7732,6369,132,83000000,Europe,GER
Germany,2023-09-16,396808,7881,6389,149,83000000,Europe,GER
Germany,2023-09-17,403121,8020,6313,139,83000000,Europe,GER
Germany,2023-09-18,409595,8169,6474,149,83000000,Europe,GER
Germany,2023-09-19,416107,8286,6512,117,83000000,Europe,GER
Germany,2023-09-20,422702,8402,6595,116,83000000,Europe,GER
Germany,2023-09-21,429289,8524,6587,122,83000000,Europe,GER
Germany,2023-09-22,436000,8633,6711,109,83000000,Europe,GER
Germany,2023-09-23,442613,8788,6613,155,83000000,Europe,GER
Germany,2023-09-24,449413,8946,6800,158,83000000,Europe,GER
Germany,2023-09-25,456292,9103,6879,157,83000000,Europe,GER
Germany,2023-09-26,463078,9219,6786,116,83000000,Europe,GER
Germany,2023-09-27,469892,9347,6814,128,83000000,Europe,GER
Germany,2023-09-28,476889,9512,6997,165,83000000,Europe,GER
Germany,2023-09-29,483814,9657,6925,145,83000000,Europe,GER
Germany,2023-09-30,490870,9783,7056,126,83000000,Europe,GER
Germany,2023-10-01,498015,9907,7145,124,83000000,Europe,GER
Germany,2023-10-02,505111,10058,7096,151,83000000,Europe,GER
Germany,2023-10-03,512270,10197,7159,139,83000000,Europe,GER
Germany,2023-10-04,519551,10339,7281,142,83000000,Europe,GER
Germany,2023-10-05,526805,10493,7254,154,83000000,Europe,GER
Germany,2023-10-06,534080,10627,7275,134,83000000,Europe,GER
Germany,2023-10-07,541478,10767,7398,140,83000000,Europe,GER
Germany,2023-10-08,548918,10914,7440,147,83000000,Europe,GER
Germany,2023-10-09,556355,11078,7437,164,83000000,Europe,GER
Germany,2023-10-10,563990,11238,7635,160,83000000,Europe,GER
Germany,2023-10-11,571683,11397,7693,159,83000000,Europe,GER
Germany,2023-10-12,579369,11575,7686,178,83000000,Europe,GER
Germany,2023-10-13,587059,11742,7690,167,83000000,Europe,GER
Germany,2023-10-14,594714,11869,7655,127,83000000,Europe,GER
Germany,2023-10-15,602483,12025,7769,156,83000000,Europe,GER
Germany,2023-10-16,610323,12169,7840,144,83000000,Europe,GER
Germany,2023-10-17,618146,12335,7823,166,83000000,Europe,GER
Germany,2023-10-18,626138,12509,7992,174,83000000,Europe,GER
Germany,2023-10-19,634212,12690,8074,181,83000000,Europe,GER
Germany,2023-10-20,642192,12854,7980,164,83000000,Europe,GER
Germany,2023-10-21,650235,12994,8043,140,83000000,Europe,GER
Germany,2023-10-22,658426,13158,8191,164,83000000,Europe,GER
Germany,2023-10-23,666526,13329,8100,171,83000000,Europe,GER
Germany,2023-10-24,674705,13470,8179,141,83000000,Europe,GER
Germany,2023-10-25,683067,13661,8362,191,83000000,Europe,GER
Germany,2023-10-26,691436,13836,8369,175,83000000,Europe,GER
Germany,2023-10-27,699812,14033,8376,197,83000000,Europe,GER
Germany,2023-10-28,708225,14208,8413,175,83000000,Europe,GER
Germany,2023-10-29,716689,14358,8464,150,83000000,Europe,GER
Germany,2023-10-30,725309,14500,8620,142,83000000,Europe,GER
Germany,2023-10-31,733907,14694,8598,194,83000000,Europe,GER
Germany,2023-11-01,742592,14869,8685,175,83000000,Europe,GER
Germany,2023-11-02,751297,15055,8705,186,83000000,Europe,GER
Germany,2023-11-03,760117,15224,8820,169,83000000,Europe,GER
Germany,2023-11-04,768900,15395,8783,171,83000000,Europe,GER
Germany,2023-11-05,777792,15578,8892,183,83000000,Europe,GER
Germany,2023-11-06,786758,15752,8966,174,83000000,Europe,GER
Germany,2023-11-07,795774,15949,9016,197,83000000,Europe,GER
Germany,2023-11-08,804861,16139,9087,190,83000000,Europe,GER
Germany,2023-11-09,813966,16315,9105,176,83000000,Europe,GER
Germany,2023-11-10,823006,16460,9040,145,83000000,Europe,GER
Germany,2023-11-11,832069,16651,9063,191,83000000,Europe,GER
Germany,2023-11-12,841341,16819,9272,168,83000000,Europe,GER
Germany,2023-11-13,850625,17021,9284,202,83000000,Europe,GER
Germany,2023-11-14,859925,17202,9300,181,83000000,Europe,GER
Germany,2023-11-15,869198,17391,9273,189,83000000,Europe,GER
Germany,2023-11-16,878529,17612,9331,221,83000000,Europe,GER
Germany,2023-11-17,887959,17806,9430,194,83000000,Europe,GER
Germany,2023-11-18,897497,17963,9538,157,83000000,Europe,GER
Germany,2023-11-19,907053,18177,9556,214,83000000,Europe,GER
Germany,2023-11-20,916750,18336,9697,159,83000000,Europe,GER
Germany,2023-11-21,926304,18490,9554,154,83000000,Europe,GER
Germany,2023-11-22,936059,18680,9755,190,83000000,Europe,GER
Germany,2023-11-23,945809,18850,9750,170,83000000,Europe,GER
Germany,2023-11-24,955662,19057,9853,207,83000000,Europe,GER
Germany,2023-11-25,965487,19214,9825,157,83000000,Europe,GER
Germany,2023-11-26,975394,19380,9907,166,83000000,Europe,GER
Germany,2023-11-27,985294,19562,9900,182,83000000,Europe,GER
Germany,2023-11-28,995382,19779,10088,217,83000000,Europe,GER
Germany,2023-11-29,1005428,19944,10046,165,83000000,Europe,GER
Germany,2023-11-30,1015515,20145,10087,201,83000000,Europe,GER
Germany,2023-12-01,1025656,20355,10141,210,83000000,Europe,GER
Germany,2023-12-02,1035832,20580,10176,225,83000000,Europe,GER
Germany,2023-12-03,1046038,20808,10206,228,83000000,Europe,GER
Germany,2023-12-04,1056298,21044,10260,236,83000000,Europe,GER
Germany,2023-12-05,1066743,21254,10445,210,83000000,Europe,GER
Germany,2023-12-06,1077069,21433,10326,179,83000000,Europe,GER
Germany,2023-12-07,1087483,21600,10414,167,83000000,Europe,GER
Germany,2023-12-08,1098075,21803,10592,203,83000000,Europe,GER
Germany,2023-12-09,1108579,21996,10504,193,83000000,Europe,GER
Germany,2023-12-10,1119251,22179,10672,183,83000000,Europe,GER
Germany,2023-12-11,1129818,22423,10567,244,83000000,Europe,GER
Germany,2023-12-12,1140585,22595,10767,172,83000000,Europe,GER
Germany,2023-12-13,1151291,22821,10706,226,83000000,Europe,GER
Germany,2023-12-14,1162071,23024,10780,203,83000000,Europe,GER
Germany,2023-12-15,1172899,23245,10828,221,83000000,Europe,GER
Germany,2023-12-16,1183782,23440,10883,195,83000000,Europe,GER
Germany,2023-12-17,1194766,23673,10984,233,83000000,Europe,GER
Italy,2023-06-01,1015,17,1015,17,60000000,Europe,ITA
Italy,2023-06-02,2105,38,1090,21,60000000,Europe,ITA
Italy,2023-06-03,3290,59,1185,21,60000000,Europe,ITA
Italy,2023-06-04,4492,84,1202,25,60000000,Europe,ITA
Italy,2023-06-05,5629,102,1137,18,60000000,Europe,ITA
Italy,2023-06-06,6882,123,1253,21,60000000,Europe,ITA
Italy,2023-06-07,8111,147,1229,24,60000000,Europe,ITA
Italy,2023-06-08,9455,173,1344,26,60000000,Europe,ITA
Italy,2023-06-09,10845,199,1390,26,60000000,Europe,ITA
Italy,2023-06-10,12232,231,1387,32,60000000,Europe,ITA
Italy,2023-06-11,13756,263,1524,32,60000000,Europe,ITA
Italy,2023-06-12,15215,287,1459,24,60000000,Europe,ITA
Italy,2023-06-13,16800,321,1585,34,60000000,Europe,ITA
Italy,2023-06-14,18495,356,1695,35,60000000,Europe,ITA
Italy,2023-06-15,20220,390,1725,34,60000000,Europe,ITA
Italy,2023-06-16,21975,424,1755,34,60000000,Europe,ITA
Italy,2023-06-17,23780,457,1805,33,60000000,Europe,ITA
Italy,2023-06-18,25577,496,1797,39,60000000,Europe,ITA
Italy,2023-06-19,27474,532,1897,36,60000000,Europe,ITA
Italy,2023-06-20,29385,570,1911,38,60000000,Europe,ITA
Italy,2023-06-21,31293,608,1908,38,60000000,Europe,ITA
Italy,2023-06-22,33288,651,1995,43,60000000,Europe,ITA
Italy,2023-06-23,35470,692,2182,41,60000000,Europe,ITA
Italy,2023-06-24,37542,727,2072,35,60000000,Europe,ITA
Italy,2023-06-25,39653,761,2111,34,60000000,Europe,ITA
Italy,2023-06-26,41854,803,2201,42,60000000,Europe,ITA
Italy,2023-06-27,44226,850,2372,47,60000000,Europe,ITA
Italy,2023-06-28,46635,892,2409,42,60000000,Europe,ITA
Italy,2023-06-29,48938,941,2303,49,60000000,Europe,ITA
Italy,2023-06-30,51463,990,2525,49,60000000,Europe,ITA
Italy,2023-07-01,53967,1048,2504,58,60000000,Europe,ITA
Italy,2023-07-02,56446,1105,2479,57,60000000,Europe,ITA
Italy,2023-07-03,59143,1151,2697,46,60000000,Europe,ITA
Italy,2023-07-04,61788,1209,2645,58,60000000,Europe,ITA
Italy,2023-07-05,64486,1262,2698,53,60000000,Europe,ITA
Italy,2023-07-06,67223,1322,2737,60,60000000,Europe,ITA
Italy,2023-07-07,70079,1379,2856,57,60000000,Europe,ITA
Italy,2023-07-08,73025,1436,2946,57,60000000,Europe,ITA
Italy,2023-07-09,75983,1506,2958,70,60000000,Europe,ITA
Italy,2023-07-10,78986,1555,3003,49,60000000,Europe,ITA
Italy,2023-07-11,82054,1615,3068,60,60000000,Europe,ITA
Italy,2023-07-12,85048,1669,2994,54,60000000,Europe,ITA
Italy,2023-07-13,88088,1730,3040,61,60000000,Europe,ITA
Italy,2023-07-14,91182,1791,3094,61,60000000,Europe,ITA
Italy,2023-07-15,94325,1863,3143,72,60000000,Europe,ITA
Italy,2023-07-16,97651,1917,3326,54,60000000,Europe,ITA
Italy,2023-07-17,101023,1975,3372,58,60000000,Europe,ITA
Italy,2023-07-18,104283,2050,3260,75,60000000,Europe,ITA
Italy,2023-07-19,107751,2114,3468,64,60000000,Europe,ITA
Italy,2023-07-20,111185,2169,3434,55,60000000,Europe,ITA
Italy,2023-07-21,114611,2249,3426,80,60000000,Europe,ITA
Italy,2023-07-22,118207,2327,3596,78,60000000,Europe,ITA
Italy,2023-07-23,121734,2392,3527,65,60000000,Europe,ITA
Italy,2023-07-24,125362,2452,3628,60,60000000,Europe,ITA
Italy,2023-07-25,128972,2537,3610,85,60000000,Europe,ITA
Italy,2023-07-26,132623,2617,3651,80,60000000,Europe,ITA
Italy,2023-07-27,136385,2681,3762,64,60000000,Europe,ITA
Italy,2023-07-28,140179,2765,3794,84,60000000,Europe,ITA
Italy,2023-07-29,144068,2838,3889,73,60000000,Europe,ITA
Italy,2023-07-30,148101,2910,4033,72,60000000,Europe,ITA
Italy,2023-07-31,152197,2984,4096,74,60000000,Europe,ITA
Italy,2023-08-01,156193,3073,3996,89,60000000,Europe,ITA
Italy,2023-08-02,160342,3149,4149,76,60000000,Europe,ITA
Italy,2023-08-03,164488,3247,4146,98,60000000,Europe,ITA
Italy,2023-08-04,168713,3328,4225,81,60000000,Europe,ITA
Italy,2023-08-05,172963,3401,4250,73,60000000,Europe,ITA
Italy,2023-08-06,177316,3491,4353,90,60000000,Europe,ITA
Italy,2023-08-07,181604,3562,4288,71,60000000,Europe,ITA
Italy,2023-08-08,186048,3651,4444,89,60000000,Europe,ITA
Italy,2023-08-09,190573,3747,4525,96,60000000,Europe,ITA
Italy,2023-08-10,195028,3825,4455,78,60000000,Europe,ITA
Italy,2023-08-11,199567,3915,4539,90,60000000,Europe,ITA
Italy,2023-08-12,204195,4022,4628,107,60000000,Europe,ITA
Italy,2023-08-13,208828,4100,4633,78,60000000,Europe,ITA
Italy,2023-08-14,213538,4209,4710,109,60000000,Europe,ITA
Italy,2023-08-15,218374,4292,4836,83,60000000,Europe,ITA
Italy,2023-08-16,223101,4391,4727,99,60000000,Europe,ITA
Italy,2023-08-17,227940,4482,4839,91,60000000,Europe,ITA
Italy,2023-08-18,232761,4588,4821,106,60000000,Europe,ITA
Italy,2023-08-19,237657,4686,4896,98,60000000,Europe,ITA
Italy,2023-08-20,242716,4802,5059,116,60000000,Europe,ITA
Italy,2023-08-21,247845,4904,5129,102,60000000,Europe,ITA
Italy,2023-08-22,252898,5012,5053,108,60000000,Europe,ITA
Italy,2023-08-23,258006,5118,5108,106,60000000,Europe,ITA
Italy,2023-08-24,263179,5223,5173,105,60000000,Europe,ITA
Italy,2023-08-25,268349,5339,5170,116,60000000,Europe,ITA
Italy,2023-08-26,273746,5465,5397,126,60000000,Europe,ITA
Italy,2023-08-27,279026,5566,5280,101,60000000,Europe,ITA
Italy,2023-08-28,284351,5680,5325,114,60000000,Europe,ITA
Italy,2023-08-29,289732,5797,5381,117,60000000,Europe,ITA
Italy,2023-08-30,295292,5896,5560,99,60000000,Europe,ITA
Italy,2023-08-31,300783,6002,5491,106,60000000,Europe,ITA
Italy,2023-09-01,306289,6111,5506,109,60000000,Europe,ITA
Italy,2023-09-02,312029,6227,5740,116,60000000,Europe,ITA
Italy,2023-09-03,317788,6348,5759,121,60000000,Europe,ITA
Italy,2023-09-04,323631,6473,5843,125,60000000,Europe,ITA
Italy,2023-09-05,329352,6582,5721,109,60000000,Europe,ITA
Italy,2023-09-06,335250,6697,5898,115,60000000,Europe,ITA
Italy,2023-09-07,341246,6809,5996,112,60000000,Europe,ITA
Italy,2023-09-08,347281,6920,6035,111,60000000,Europe,ITA
Italy,2023-09-09,353285,7024,6004,104,60000000,Europe,ITA
Italy,2023-09-10,359375,7156,6090,132,60000000,Europe,ITA
Italy,2023-09-11,365381,7278,6006,122,60000000,Europe,ITA
Italy,2023-09-12,371566,7402,6185,124,60000000,Europe,ITA
Italy,2023-09-13,377749,7507,6183,105,60000000,Europe,ITA
Italy,2023-09-14,384091,7609,6342,102,60000000,Europe,ITA
Italy,2023-09-15,390409,7712,6318,103,60000000,Europe,ITA
Italy,2023-09-16,396682,7815,6273,103,60000000,Europe,ITA
Italy,2023-09-17,403049,7957,6367,142,60000000,Europe,ITA
Italy,2023-09-18,409482,8077,6433,120,60000000,Europe,ITA
Italy,2023-09-19,416002,8206,6520,129,60000000,Europe,ITA
Italy,2023-09-20,422554,8362,6552,156,60000000,Europe,ITA
Italy,2023-09-21,429172,8496,6618,134,60000000,Europe,ITA
Italy,2023-09-22,435771,8610,6599,114,60000000,Europe,ITA
Italy,2023-09-23,442449,8718,6678,108,60000000,Europe,ITA
Italy,2023-09-24,449144,8864,6695,146,60000000,Europe,ITA
Italy,2023-09-25,456007,9020,6863,156,60000000,Europe,ITA
Italy,2023-09-26,462946,9131,6939,111,60000000,Europe,ITA
Italy,2023-09-27,469861,9285,6915,154,60000000,Europe,ITA
Italy,2023-09-28,476865,9451,7004,166,60000000,Europe,ITA
Italy,2023-09-29,483932,9617,7067,166,60000000,Europe,ITA
Italy,2023-09-30,490960,9730,7028,113,60000000,Europe,ITA
Italy,2023-10-01,498126,9900,7166,170,60000000,Europe,ITA
Italy,2023-10-02,505304,10052,7178,152,60000000,Europe,ITA
Italy,2023-10-03,512591,10190,7287,138,60000000,Europe,ITA
Italy,2023-10-04,519783,10337,7192,147,60000000,Europe,ITA
Italy,2023-10-05,527030,10504,7247,167,60000000,Europe,ITA
Italy,2023-10-06,534392,10676,7362,172,60000000,Europe,ITA
Italy,2023-10-07,541844,10806,7452,130,60000000,Europe,ITA
Italy,2023-10-08,549223,10934,7379,128,60000000,Europe,ITA
Italy,2023-10-09,556765,11059,7542,125,60000000,Europe,ITA
Italy,2023-10-10,564328,11235,7563,176,60000000,Europe,ITA
Italy,2023-10-11,571919,11383,7591,148,60000000,Europe,ITA
Italy,2023-10-12,579663,11547,7744,164,60000000,Europe,ITA
Italy,2023-10-13,587456,11688,7793,141,60000000,Europe,ITA
Italy,2023-10-14,595125,11829,7669,141,60000000,Europe,ITA
Italy,2023-10-15,602897,11969,7772,140,60000000,Europe,ITA
Italy,2023-10-16,610840,12122,7943,153,60000000,Europe,ITA
Italy,2023-10-17,618668,12255,7828,133,60000000,Europe,ITA
Italy,2023-10-18,626643,12395,7975,140,60000000,Europe,ITA
Italy,2023-10-19,634577,12531,7934,136,60000000,Europe,ITA
Italy,2023-10-20,642619,12709,8042,178,60000000,Europe,ITA
Italy,2023-10-21,650692,12845,8073,136,60000000,Europe,ITA
Italy,2023-10-22,658758,12987,8066,142,60000000,Europe,ITA
Italy,2023-10-23,666953,13143,8195,156,60000000,Europe,ITA
Italy,2023-10-24,675191,13322,8238,179,60000000,Europe,ITA
Italy,2023-10-25,683547,13505,8356,183,60000000,Europe,ITA
Italy,2023-10-26,691935,13694,8388,189,60000000,Europe,ITA
Italy,2023-10-27,700303,13831,8368,137,60000000,Europe,ITA
Italy,2023-10-28,708806,14013,8503,182,60000000,Europe,ITA
Italy,2023-10-29,717221,14211,8415,198,60000000,Europe,ITA
Italy,2023-10-30,725707,14413,8486,202,60000000,Europe,ITA
Italy,2023-10-31,734295,14593,8588,180,60000000,Europe,ITA
Italy,2023-11-01,742957,14799,8662,206,60000000,Europe,ITA
Italy,2023-11-02,751597,14964,8640,165,60000000,Europe,ITA
Italy,2023-11-03,760354,15117,8757,153,60000000,Europe,ITA
Italy,2023-11-04,769249,15312,8895,195,60000000,Europe,ITA
Italy,2023-11-05,778125,15476,8876,164,60000000,Europe,ITA
Italy,2023-11-06,786992,15619,8867,143,60000000,Europe,ITA
Italy,2023-11-07,795877,15787,8885,168,60000000,Europe,ITA
Italy,2023-11-08,804806,15994,8929,207,60000000,Europe,ITA
Italy,2023-11-09,813802,16193,8996,199,60000000,Europe,ITA
Italy,2023-11-10,822809,16357,9007,164,60000000,Europe,ITA
Italy,2023-11-11,831908,16509,9099,152,60000000,Europe,ITA
Italy,2023-11-12,841018,16655,9110,146,60000000,Europe,ITA
Italy,2023-11-13,850336,16813,9318,158,60000000,Europe,ITA
Italy,2023-11-14,859614,17012,9278,199,60000000,Europe,ITA
Italy,2023-11-15,868938,17162,9324,150,60000000,Europe,ITA
Italy,2023-11-16,878327,17366,9389,204,60000000,Europe,ITA
Italy,2023-11-17,887807,17531,9480,165,60000000,Europe,ITA
Italy,2023-11-18,897241,17701,9434,170,60000000,Europe,ITA
Italy,2023-11-19,906754,17924,9513,223,60000000,Europe,ITA
Italy,2023-11-20,916380,18085,9626,161,60000000,Europe,ITA
Italy,2023-11-21,926088,18287,9708,202,60000000,Europe,ITA
Italy,2023-11-22,935773,18451,9685,164,60000000,Europe,ITA
Italy,2023-11-23,945427,18633,9654,182,60000000,Europe,ITA
Italy,2023-11-24,955167,18842,9740,209,60000000,Europe,ITA
Italy,2023-11-25,965012,19064,9845,222,60000000,Europe,ITA
Italy,2023-11-26,974904,19295,9892,231,60000000,Europe,ITA
Italy,2023-11-27,984754,19513,9850,218,60000000,Europe,ITA
Italy,2023-11-28,994822,19713,10068,200,60000000,Europe,ITA
Italy,2023-11-29,1004773,19937,9951,224,60000000,Europe,ITA
Italy,2023-11-30,1014777,20111,10004,174,60000000,Europe,ITA
Italy,2023-12-01,1024934,20337,10157,226,60000000,Europe,ITA
Italy,2023-12-02,1035094,20539,10160,202,60000000,Europe,ITA
Italy,2023-12-03,1045303,20743,10209,204,60000000,Europe,ITA
Italy,2023-12-04,1055636,20947,10333,204,60000000,Europe,ITA
Italy,2023-12-05,1066048,21146,10412,199,60000000,Europe,ITA
Italy,2023-12-06,1076359,21337,10311,191,60000000,Europe,ITA
Italy,2023-12-07,1086771,21577,10412,240,60000000,Europe,ITA
Italy,2023-12-08,1097354,21790,10583,213,60000000,Europe,ITA
Italy,2023-12-09,1107859,22023,10505,233,60000000,Europe,ITA
Italy,2023-12-10,1118404,22216,10545,193,60000000,Europe,ITA
Italy,2023-12-11,1128968,22424,10564,208,60000000,Europe,ITA
Italy,2023-12-12,1139699,22606,10731,182,60000000,Europe,ITA
Italy,2023-12-13,1150516,22862,10817,256,60000000,Europe,ITA
Italy,2023-12-14,1161365,23096,10849,234,60000000,Europe,ITA
Italy,2023-12-15,1172190,23287,10825,191,60000000,Europe,ITA
Italy,2023-12-16,1183177,23524,10987,237,60000000,Europe,ITA
Italy,2023-12-17,1194123,23772,10946,248,60000000,Europe,ITA
Spain,2023-06-01,978,20,978,20,47000000,Europe,SPA
Spain,2023-06-02,1956,35,978,15,47000000,Europe,SPA
Spain,2023-06-03,3076,56,1120,21,47000000,Europe,SPA
Spain,2023-06-04,4214,80,1138,24,47000000,Europe,SPA
Spain,2023-06-05,5467,100,1253,20,47000000,Europe,SPA
Spain,2023-06-06,6754,125,1287,25,47000000,Europe,SPA
Spain,2023-06-07,8091,150,1337,25,47000000,Europe,SPA
Spain,2023-06-08,9377,176,1286,26,47000000,Europe,SPA
Spain,2023-06-09,10777,208,1400,32,47000000,Europe,SPA
Spain,2023-06-10,12217,231,1440,23,47000000,Europe,SPA
Spain,2023-06-11,13635,261,1418,30,47000000,Europe,SPA
Spain,2023-06-12,15097,285,1462,24,47000000,Europe,SPA
Spain,2023-06-13,16611,312,1514,27,47000000,Europe,SPA
Spain,2023-06-14,18161,348,1550,36,47000000,Europe,SPA
Spain,2023-06-15,19863,382,1702,34,47000000,Europe,SPA
Spain,2023-06-16,21625,422,1762,40,47000000,Europe,SPA
Spain,2023-06-17,23332,460,1707,38,47000000,Europe,SPA
Spain,2023-06-18,25224,498,1892,38,47000000,Europe,SPA
Spain,2023-06-19,27102,529,1878,31,47000000,Europe,SPA
Spain,2023-06-20,28956,564,1854,35,47000000,Europe,SPA
Spain,2023-06-21,30875,606,1919,42,47000000,Europe,SPA
Spain,2023-06-22,32842,641,1967,35,47000000,Europe,SPA
Spain,2023-06-23,34853,683,2011,42,47000000,Europe,SPA
Spain,2023-06-24,37089,722,2236,39,47000000,Europe,SPA
Spain,2023-06-25,39277,768,2188,46,47000000,Europe,SPA
Spain,2023-06-26,41588,807,2311,39,47000000,Europe,SPA
Spain,2023-06-27,43843,843,2255,36,47000000,Europe,SPA
Spain,2023-06-28,46237,896,2394,53,47000000,Europe,SPA
Spain,2023-06-29,48549,941,2312,45,47000000,Europe,SPA
Spain,2023-06-30,51090,996,2541,55,47000000,Europe,SPA
Spain,2023-07-01,53523,1041,2433,45,47000000,Europe,SPA
Spain,2023-07-02,56053,1094,2530,53,47000000,Europe,SPA
Spain,2023-07-03,58662,1141,2609,47,47000000,Europe,SPA
Spain,2023-07-04,61356,1191,2694,50,47000000,Europe,SPA
Spain,2023-07-05,64093,1241,2737,50,47000000,Europe,SPA
Spain,2023-07-06,66748,1300,2655,59,47000000,Europe,SPA
Spain,2023-07-07,69472,1363,2724,63,47000000,Europe,SPA
Spain,2023-07-08,72325,1429,2853,66,47000000,Europe,SPA
Spain,2023-07-09,75235,1494,2910,65,47000000,Europe,SPA
Spain,2023-07-10,78211,1547,2976,53,47000000,Europe,SPA
Spain,2023-07-11,81131,1604,2920,57,47000000,Europe,SPA
Spain,2023-07-12,84184,1659,3053,55,47000000,Europe,SPA
Spain,2023-07-13,87366,1710,3182,51,47000000,Europe,SPA
Spain,2023-07-14,90610,1777,3244,67,47000000,Europe,SPA
Spain,2023-07-15,93802,1840,3192,63,47000000,Europe,SPA
Spain,2023-07-16,96993,1901,3191,61,47000000,Europe,SPA
Spain,2023-07-17,100339,1973,3346,72,47000000,Europe,SPA
Spain,2023-07-18,103708,2032,3369,59,47000000,Europe,SPA
Spain,2023-07-19,107159,2114,3451,82,47000000,Europe,SPA
Spain,2023-07-20,110579,2183,3420,69,47000000,Europe,SPA
Spain,2023-07-21,114117,2253,3538,70,47000000,Europe,SPA
Spain,2023-07-22,117757,2311,3640,58,47000000,Europe,SPA
Spain,2023-07-23,121370,2380,3613,69,47000000,Europe,SPA
Spain,2023-07-24,124962,2441,3592,61,47000000,Europe,SPA
Spain,2023-07-25,128744,2530,3782,89,47000000,Europe,SPA
Spain,2023-07-26,132485,2616,3741,86,47000000,Europe,SPA
Spain,2023-07-27,136256,2685,3771,69,47000000,Europe,SPA
Spain,2023-07-28,140168,2751,3912,66,47000000,Europe,SPA
Spain,2023-07-29,143969,2833,3801,82,47000000,Europe,SPA
Spain,2023-07-30,147951,2910,3982,77,47000000,Europe,SPA
Spain,2023-07-31,151994,2988,4043,78,47000000,Europe,SPA
Spain,2023-08-01,155995,3052,4001,64,47000000,Europe,SPA
Spain,2023-08-02,160021,3135,4026,83,47000000,Europe,SPA
Spain,2023-08-03,164228,3215,4207,80,47000000,Europe,SPA
Spain,2023-08-04,168485,3294,4257,79,47000000,Europe,SPA
Spain,2023-08-05,172805,3366,4320,72,47000000,Europe,SPA
Spain,2023-08-06,177054,3444,4249,78,47000000,Europe,SPA
Spain,2023-08-07,181349,3537,4295,93,47000000,Europe,SPA
Spain,2023-08-08,185778,3614,4429,77,47000000,Europe,SPA
Spain,2023-08-09,190187,3712,4409,98,47000000,Europe,SPA
Spain,2023-08-10,194646,3795,4459,83,47000000,Europe,SPA
Spain,2023-08-11,199247,3886,4601,91,47000000,Europe,SPA
Spain,2023-08-12,203915,3989,4668,103,47000000,Europe,SPA
Spain,2023-08-13,208505,4071,4590,82,47000000,Europe,SPA
Spain,2023-08-14,213280,4171,4775,100,47000000,Europe,SPA
Spain,2023-08-15,218107,4275,4827,104,47000000,Europe,SPA
Spain,2023-08-16,222819,4387,4712,112,47000000,Europe,SPA
Spain,2023-08-17,227755,4486,4936,99,47000000,Europe,SPA
Spain,2023-08-18,232716,4597,4961,111,47000000,Europe,SPA
Spain,2023-08-19,237706,4695,4990,98,47000000,Europe,SPA
Spain,2023-08-20,242766,4776,5060,81,47000000,Europe,SPA
Spain,2023-08-21,247915,4867,5149,91,47000000,Europe,SPA
Spain,2023-08-22,252991,4974,5076,107,47000000,Europe,SPA
Spain,2023-08-23,258139,5063,5148,89,47000000,Europe,SPA
Spain,2023-08-24,263338,5177,5199,114,47000000,Europe,SPA
Spain,2023-08-25,268601,5279,5263,102,47000000,Europe,SPA
Spain,2023-08-26,273804,5402,5203,123,47000000,Europe,SPA
Spain,2023-08-27,279236,5497,5432,95,47000000,Europe,SPA
Spain,2023-08-28,284631,5602,5395,105,47000000,Europe,SPA
Spain,2023-08-29,290103,5695,5472,93,47000000,Europe,SPA
Spain,2023-08-30,295647,5824,5544,129,47000000,Europe,SPA
Spain,2023-08-31,301176,5951,5529,127,47000000,Europe,SPA
Spain,2023-09-01,306755,6045,5579,94,47000000,Europe,SPA
Spain,2023-09-02,312415,6171,5660,126,47000000,Europe,SPA
Spain,2023-09-03,318054,6281,5639,110,47000000,Europe,SPA
Spain,2023-09-04,323900,6391,5846,110,47000000,Europe,SPA
Spain,2023-09-05,329709,6527,5809,136,47000000,Europe,SPA
Spain,2023-09-06,335551,6655,5842,128,47000000,Europe,SPA
Spain,2023-09-07,341486,6782,5935,127,47000000,Europe,SPA
Spain,2023-09-08,347409,6890,5923,108,47000000,Europe,SPA
Spain,2023-09-09,353457,7010,6048,120,47000000,Europe,SPA
Spain,2023-09-10,359472,7134,6015,124,47000000,Europe,SPA
Spain,2023-09-11,365604,7271,6132,137,47000000,Europe,SPA
Spain,2023-09-12,371795,7375,6191,104,47000000,Europe,SPA
Spain,2023-09-13,377936,7493,6141,118,47000000,Europe,SPA
Spain,2023-09-14,384157,7604,6221,111,47000000,Europe,SPA
Spain,2023-09-15,390407,7706,6250,102,47000000,Europe,SPA
Spain,2023-09-16,396767,7830,6360,124,47000000,Europe,SPA
Spain,2023-09-17,403079,7961,6312,131,47000000,Europe,SPA
Spain,2023-09-18,409445,8081,6366,120,47000000,Europe,SPA
Spain,2023-09-19,415944,8202,6499,121,47000000,Europe,SPA
Spain,2023-09-20,422523,8357,6579,155,47000000,Europe,SPA
Spain,2023-09-21,429211,8508,6688,151,47000000,Europe,SPA
Spain,2023-09-22,435884,8650,6673,142,47000000,Europe,SPA
Spain,2023-09-23,442652,8802,6768,152,47000000,Europe,SPA
Spain,2023-09-24,449478,8933,6826,131,47000000,Europe,SPA
Spain,2023-09-25,456207,9077,6729,144,47000000,Europe,SPA
Spain,2023-09-26,462972,9200,6765,123,47000000,Europe,SPA
Spain,2023-09-27,469913,9337,6941,137,47000000,Europe,SPA
Spain,2023-09-28,476837,9453,6924,116,47000000,Europe,SPA
Spain,2023-09-29,483909,9575,7072,122,47000000,Europe,SPA
Spain,2023-09-30,491012,9708,7103,133,47000000,Europe,SPA
Spain,2023-10-01,498184,9852,7172,144,47000000,Europe,SPA
Spain,2023-10-02,505422,9996,7238,144,47000000,Europe,SPA
Spain,2023-10-03,512633,10153,7211,157,47000000,Europe,SPA
Spain,2023-10-04,519907,10324,7274,171,47000000,Europe,SPA
Spain,2023-10-05,527142,10465,7235,141,47000000,Europe,SPA
Spain,2023-10-06,534433,10593,7291,128,47000000,Europe,SPA
Spain,2023-10-07,541784,10723,7351,130,47000000,Europe,SPA
Spain,2023-10-08,549318,10890,7534,167,47000000,Europe,SPA
Spain,2023-10-09,556726,11027,7408,137,47000000,Europe,SPA
Spain,2023-10-10,564201,11185,7475,158,47000000,Europe,SPA
Spain,2023-10-11,571711,11308,7510,123,47000000,Europe,SPA
Spain,2023-10-12,579442,11444,7731,136,47000000,Europe,SPA
Spain,2023-10-13,587074,11625,7632,181,47000000,Europe,SPA
Spain,2023-10-14,594742,11752,7668,127,47000000,Europe,SPA
Spain,2023-10-15,602551,11901,7809,149,47000000,Europe,SPA
Spain,2023-10-16,610330,12029,7779,128,47000000,Europe,SPA
Spain,2023-10-17,618244,12216,7914,187,47000000,Europe,SPA
Spain,2023-10-18,626215,12389,7971,173,47000000,Europe,SPA
Spain,2023-10-19,634274,12575,8059,186,47000000,Europe,SPA
Spain,2023-10-20,642257,12739,7983,164,47000000,Europe,SPA
Spain,2023-10-21,650416,12893,8159,154,47000000,Europe,SPA
Spain,2023-10-22,658472,13040,8056,147,47000000,Europe,SPA
Spain,2023-10-23,666601,13185,8129,145,47000000,Europe,SPA
Spain,2023-10-24,674768,13331,8167,146,47000000,Europe,SPA
Spain,2023-10-25,683097,13492,8329,161,47000000,Europe,SPA
Spain,2023-10-26,691427,13643,8330,151,47000000,Europe,SPA
Spain,2023-10-27,699895,13836,8468,193,47000000,Europe,SPA
Spain,2023-10-28,708272,14000,8377,164,47000000,Europe,SPA
Spain,2023-10-29,716740,14181,8468,181,47000000,Europe,SPA
Spain,2023-10-30,725299,14375,8559,194,47000000,Europe,SPA
Spain,2023-10-31,733808,14576,8509,201,47000000,Europe,SPA
Spain,2023-11-01,742371,14775,8563,199,47000000,Europe,SPA
Spain,2023-11-02,751045,14928,8674,153,47000000,Europe,SPA
Spain,2023-11-03,759847,15125,8802,197,47000000,Europe,SPA
Spain,2023-11-04,768635,15287,8788,162,47000000,Europe,SPA
Spain,2023-11-05,777522,15492,8887,205,47000000,Europe,SPA
Spain,2023-11-06,786349,15688,8827,196,47000000,Europe,SPA
Spain,2023-11-07,795348,15846,8999,158,47000000,Europe,SPA
Spain,2023-11-08,804394,16058,9046,212,47000000,Europe,SPA
Spain,2023-11-09,813426,16224,9032,166,47000000,Europe,SPA
Spain,2023-11-10,822538,16395,9112,171,47000000,Europe,SPA
Spain,2023-11-11,831710,16572,9172,177,47000000,Europe,SPA
Spain,2023-11-12,840842,16747,9132,175,47000000,Europe,SPA
Spain,2023-11-13,850131,16929,9289,182,47000000,Europe,SPA
Spain,2023-11-14,859412,17110,9281,181,47000000,Europe,SPA
Spain,2023-11-15,868700,17327,9288,217,47000000,Europe,SPA
Spain,2023-11-16,878111,17515,9411,188,47000000,Europe,SPA
Spain,2023-11-17,887508,17674,9397,159,47000000,Europe,SPA
Spain,2023-11-18,896985,17881,9477,207,47000000,Europe,SPA
Spain,2023-11-19,906465,18095,9480,214,47000000,Europe,SPA
Spain,2023-11-20,916006,18259,9541,164,47000000,Europe,SPA
Spain,2023-11-21,925618,18438,9612,179,47000000,Europe,SPA
Spain,2023-11-22,935417,18666,9799,228,47000000,Europe,SPA
Spain,2023-11-23,945147,18838,9730,172,47000000,Europe,SPA
Spain,2023-11-24,954983,19015,9836,177,47000000,Europe,SPA
Spain,2023-11-25,964755,19213,9772,198,47000000,Europe,SPA
Spain,2023-11-26,974676,19385,9921,172,47000000,Europe,SPA
Spain,2023-11-27,984619,19575,9943,190,47000000,Europe,SPA
Spain,2023-11-28,994686,19794,10067,219,47000000,Europe,SPA
Spain,2023-11-29,1004709,20031,10023,237,47000000,Europe,SPA
Spain,2023-11-30,1014759,20261,10050,230,47000000,Europe,SPA
Spain,2023-12-01,1024961,20505,10202,244,47000000,Europe,SPA
Spain,2023-12-02,1035233,20731,10272,226,47000000,Europe,SPA
Spain,2023-12-03,1045507,20931,10274,200,47000000,Europe,SPA
Spain,2023-12-04,1055788,21138,10281,207,47000000,Europe,SPA
Spain,2023-12-05,1066112,21307,10324,169,47000000,Europe,SPA
Spain,2023-12-06,1076463,21520,10351,213,47000000,Europe,SPA
Spain,2023-12-07,1086964,21735,10501,215,47000000,Europe,SPA
Spain,2023-12-08,1097553,21912,10589,177,47000000,Europe,SPA
Spain,2023-12-09,1108122,22151,10569,239,47000000,Europe,SPA
Spain,2023-12-10,1118648,22376,10526,225,47000000,Europe,SPA
Spain,2023-12-11,1129339,22579,10691,203,47000000,Europe,SPA
Spain,2023-12-12,1139981,22810,10642,231,47000000,Europe,SPA
Spain,2023-12-13,1150642,23061,10661,251,47000000,Europe,SPA
Spain,2023-12-14,1161344,23282,10702,221,47000000,Europe,SPA
Spain,2023-12-15,1172243,23506,10899,224,47000000,Europe,SPA
Spain,2023-12-16,1183157,23759,10914,253,47000000,Europe,SPA
Spain,2023-12-17,1194124,23972,10967,213,47000000,Europe,SPA
United Kingdom,2023-06-01,989,16,989,16,67000000,Europe,UNI
United Kingdom,2023-06-02,2008,34,1019,18,67000000,Europe,UNI
United Kingdom,2023-06-03,3037,56,1029,22,67000000,Europe,UNI
United Kingdom,2023-06-04,4246,84,1209,28,67000000,Europe,UNI
United Kingdom,2023-06-05,5388,108,1142,24,67000000,Europe,UNI
United Kingdom,2023-06-06,6666,133,1278,25,67000000,Europe,UNI
United Kingdom,2023-06-07,7985,154,1319,21,67000000,Europe,UNI
United Kingdom,2023-06-08,9319,179,1334,25,67000000,Europe,UNI
United Kingdom,2023-06-09,10784,205,1465,26,67000000,Europe,UNI
United Kingdom,2023-06-10,12158,234,1374,29,67000000,Europe,UNI
United Kingdom,2023-06-11,13600,257,1442,23,67000000,Europe,UNI
United Kingdom,2023-06-12,15236,293,1636,36,67000000,Europe,UNI
United Kingdom,2023-06-13,16845,320,1609,27,67000000,Europe,UNI
United Kingdom,2023-06-14,18415,355,1570,35,67000000,Europe,UNI
United Kingdom,2023-06-15,20039,393,1624,38,67000000,Europe,UNI
United Kingdom,2023-06-16,21791,429,1752,36,67000000,Europe,UNI
United Kingdom,2023-06-17,23658,460,1867,31,67000000,Europe,UNI
United Kingdom,2023-06-18,25483,495,1825,35,67000000,Europe,UNI
United Kingdom,2023-06-19,27385,533,1902,38,67000000,Europe,UNI
United Kingdom,2023-06-20,29363,564,1978,31,67000000,Europe,UNI
United Kingdom,2023-06-21,31277,596,1914,32,67000000,Europe,UNI
United Kingdom,2023-06-22,33364,633,2087,37,67000000,Europe,UNI
United Kingdom,2023-06-23,35544,676,2180,43,67000000,Europe,UNI
United Kingdom,2023-06-24,37624,720,2080,44,67000000,Europe,UNI
United Kingdom,2023-06-25,39834,761,2210,41,67000000,Europe,UNI
United Kingdom,2023-06-26,42038,804,2204,43,67000000,Europe,UNI
United Kingdom,2023-06-27,44279,849,2241,45,67000000,Europe,UNI
United Kingdom,2023-06-28,46647,896,2368,47,67000000,Europe,UNI
United Kingdom,2023-06-29,48995,938,2348,42,67000000,Europe,UNI
United Kingdom,2023-06-30,51500,995,2505,57,67000000,Europe,UNI
United Kingdom,2023-07-01,54024,1045,2524,50,67000000,Europe,UNI
United Kingdom,2023-07-02,56494,1098,2470,53,67000000,Europe,UNI
United Kingdom,2023-07-03,59120,1145,2626,47,67000000,Europe,UNI
United Kingdom,2023-07-04,61713,1206,2593,61,67000000,Europe,UNI
United Kingdom,2023-07-05,64390,1256,2677,50,67000000,Europe,UNI
United Kingdom,2023-07-06,67238,1320,2848,64,67000000,Europe,UNI
United Kingdom,2023-07-07,70095,1369,2857,49,67000000,Europe,UNI
United Kingdom,2023-07-08,72884,1413,2789,44,67000000,Europe,UNI
United Kingdom,2023-07-09,75744,1477,2860,64,67000000,Europe,UNI
United Kingdom,2023-07-10,78712,1528,2968,51,67000000,Europe,UNI
United Kingdom,2023-07-11,81684,1581,2972,53,67000000,Europe,UNI
United Kingdom,2023-07-12,84762,1653,3078,72,67000000,Europe,UNI
United Kingdom,2023-07-13,87778,1709,3016,56,67000000,Europe,UNI
United Kingdom,2023-07-14,90946,1779,3168,70,67000000,Europe,UNI
United Kingdom,2023-07-15,94211,1854,3265,75,67000000,Europe,UNI
United Kingdom,2023-07-16,97394,1929,3183,75,67000000,Europe,UNI
United Kingdom,2023-07-17,100663,1995,3269,66,67000000,Europe,UNI
United Kingdom,2023-07-18,103966,2056,3303,61,67000000,Europe,UNI
United Kingdom,2023-07-19,107311,2133,3345,77,67000000,Europe,UNI
United Kingdom,2023-07-20,110668,2212,3357,79,67000000,Europe,UNI
United Kingdom,2023-07-21,114193,2284,3525,72,67000000,Europe,UNI
United Kingdom,2023-07-22,117802,2358,3609,74,67000000,Europe,UNI
United Kingdom,2023-07-23,121394,2415,3592,57,67000000,Europe,UNI
United Kingdom,2023-07-24,125094,2501,3700,86,67000000,Europe,UNI
United Kingdom,2023-07-25,128868,2571,3774,70,67000000,Europe,UNI
United Kingdom,2023-07-26,132533,2639,3665,68,67000000,Europe,UNI
United Kingdom,2023-07-27,136308,2725,3775,86,67000000,Europe,UNI
United Kingdom,2023-07-28,140146,2789,3838,64,67000000,Europe,UNI
United Kingdom,2023-07-29,144097,2868,3951,79,67000000,Europe,UNI
United Kingdom,2023-07-30,147985,2934,3888,66,67000000,Europe,UNI
United Kingdom,2023-07-31,152016,3030,4031,96,67000000,Europe,UNI
United Kingdom,2023-08-01,156078,3123,4062,93,67000000,Europe,UNI
United Kingdom,2023-08-02,160238,3198,4160,75,67000000,Europe,UNI
United Kingdom,2023-08-03,164336,3284,4098,86,67000000,Europe,UNI
United Kingdom,2023-08-04,168544,3364,4208,80,67000000,Europe,UNI
United Kingdom,2023-08-05,172810,3445,4266,81,67000000,Europe,UNI
United Kingdom,2023-08-06,177141,3543,4331,98,67000000,Europe,UNI
United Kingdom,2023-08-07,181406,3611,4265,68,67000000,Europe,UNI
United Kingdom,2023-08-08,185854,3688,4448,77,67000000,Europe,UNI
United Kingdom,2023-08-09,190318,3760,4464,72,67000000,Europe,UNI
United Kingdom,2023-08-10,194812,3863,4494,103,67000000,Europe,UNI
United Kingdom,2023-08-11,199422,3936,4610,73,67000000,Europe,UNI
United Kingdom,2023-08-12,204027,4022,4605,86,67000000,Europe,UNI
United Kingdom,2023-08-13,208677,4104,4650,82,67000000,Europe,UNI
United Kingdom,2023-08-14,213314,4212,4637,108,67000000,Europe,UNI
United Kingdom,2023-08-15,217973,4322,4659,110,67000000,Europe,UNI
United Kingdom,2023-08-16,222766,4430,4793,108,67000000,Europe,UNI
United Kingdom,2023-08-17,227678,4533,4912,103,67000000,Europe,UNI
United Kingdom,2023-08-18,232638,4626,4960,93,67000000,Europe,UNI
United Kingdom,2023-08-19,237612,4724,4974,98,67000000,Europe,UNI
United Kingdom,2023-08-20,242520,4835,4908,111,67000000,Europe,UNI
United Kingdom,2023-08-21,247501,4943,4981,108,67000000,Europe,UNI
United Kingdom,2023-08-22,252518,5053,5017,110,67000000,Europe,UNI
United Kingdom,2023-08-23,257684,5165,5166,112,67000000,Europe,UNI
United Kingdom,2023-08-24,262873,5281,5189,116,67000000,Europe,UNI
United Kingdom,2023-08-25,268102,5404,5229,123,67000000,Europe,UNI
United Kingdom,2023-08-26,273424,5514,5322,110,67000000,Europe,UNI
United Kingdom,2023-08-27,278778,5604,5354,90,67000000,Europe,UNI
United Kingdom,2023-08-28,284232,5703,5454,99,67000000,Europe,UNI
United Kingdom,2023-08-29,289773,5800,5541,97,67000000,Europe,UNI
United Kingdom,2023-08-30,295213,5889,5440,89,67000000,Europe,UNI
United Kingdom,2023-08-31,300727,6019,5514,130,67000000,Europe,UNI
United Kingdom,2023-09-01,306245,6140,5518,121,67000000,Europe,UNI
United Kingdom,2023-09-02,311961,6238,5716,98,67000000,Europe,UNI
United Kingdom,2023-09-03,317586,6367,5625,129,67000000,Europe,UNI
United Kingdom,2023-09-04,323394,6460,5808,93,67000000,Europe,UNI
United Kingdom,2023-09-05,329292,6569,5898,109,67000000,Europe,UNI
United Kingdom,2023-09-06,335044,6697,5752,128,67000000,Europe,UNI
United Kingdom,2023-09-07,340854,6832,5810,135,67000000,Europe,UNI
United Kingdom,2023-09-08,346716,6932,5862,100,67000000,Europe,UNI
United Kingdom,2023-09-09,352676,7058,5960,126,67000000,Europe,UNI
United Kingdom,2023-09-10,358773,7173,6097,115,67000000,Europe,UNI
United Kingdom,2023-09-11,364784,7295,6011,122,67000000,Europe,UNI
United Kingdom,2023-09-12,371014,7436,6230,141,67000000,Europe,UNI
United Kingdom,2023-09-13,377313,7556,6299,120,67000000,Europe,UNI
United Kingdom,2023-09-14,383615,7688,6302,132,67000000,Europe,UNI
United Kingdom,2023-09-15,389908,7808,6293,120,67000000,Europe,UNI
United Kingdom,2023-09-16,396258,7959,6350,151,67000000,Europe,UNI
United Kingdom,2023-09-17,402722,8067,6464,108,67000000,Europe,UNI
United Kingdom,2023-09-18,409082,8184,6360,117,67000000,Europe,UNI
United Kingdom,2023-09-19,415636,8340,6554,156,67000000,Europe,UNI
United Kingdom,2023-09-20,422129,8449,6493,109,67000000,Europe,UNI
United Kingdom,2023-09-21,428640,8604,6511,155,67000000,Europe,UNI
United Kingdom,2023-09-22,435303,8714,6663,110,67000000,Europe,UNI
United Kingdom,2023-09-23,441971,8863,6668,149,67000000,Europe,UNI
United Kingdom,2023-09-24,448782,8976,6811,113,67000000,Europe,UNI
United Kingdom,2023-09-25,455537,9132,6755,156,67000000,Europe,UNI
United Kingdom,2023-09-26,462480,9264,6943,132,67000000,Europe,UNI
United Kingdom,2023-09-27,469314,9392,6834,128,67000000,Europe,UNI
United Kingdom,2023-09-28,476274,9526,6960,134,67000000,Europe,UNI
United Kingdom,2023-09-29,483308,9668,7034,142,67000000,Europe,UNI
United Kingdom,2023-09-30,490276,9832,6968,164,67000000,Europe,UNI
United Kingdom,2023-10-01,497288,9991,7012,159,67000000,Europe,UNI
United Kingdom,2023-10-02,504531,10108,7243,117,67000000,Europe,UNI
United Kingdom,2023-10-03,511806,10263,7275,155,67000000,Europe,UNI
United Kingdom,2023-10-04,519033,10422,7227,159,67000000,Europe,UNI
United Kingdom,2023-10-05,526367,10571,7334,149,67000000,Europe,UNI
United Kingdom,2023-10-06,533707,10689,7340,118,67000000,Europe,UNI
United Kingdom,2023-10-07,541190,10853,7483,164,67000000,Europe,UNI
United Kingdom,2023-10-08,548574,11019,7384,166,67000000,Europe,UNI
United Kingdom,2023-10-09,556066,11173,7492,154,67000000,Europe,UNI
United Kingdom,2023-10-10,563604,11304,7538,131,67000000,Europe,UNI
United Kingdom,2023-10-11,571240,11450,7636,146,67000000,Europe,UNI
United Kingdom,2023-10-12,578852,11587,7612,137,67000000,Europe,UNI
United Kingdom,2023-10-13,586487,11757,7635,170,67000000,Europe,UNI
United Kingdom,2023-10-14,594231,11913,7744,156,67000000,Europe,UNI
United Kingdom,2023-10-15,602106,12097,7875,184,67000000,Europe,UNI
United Kingdom,2023-10-16,609904,12224,7798,127,67000000,Europe,UNI
United Kingdom,2023-10-17,617717,12382,7813,158,67000000,Europe,UNI
United Kingdom,2023-10-18,625591,12526,7874,144,67000000,Europe,UNI
United Kingdom,2023-10-19,633666,12704,8075,178,67000000,Europe,UNI
United Kingdom,2023-10-20,641702,12840,8036,136,67000000,Europe,UNI
United Kingdom,2023-10-21,649779,13016,8077,176,67000000,Europe,UNI
United Kingdom,2023-10-22,657886,13155,8107,139,67000000,Europe,UNI
United Kingdom,2023-10-23,666165,13326,8279,171,67000000,Europe,UNI
United Kingdom,2023-10-24,674355,13485,8190,159,67000000,Europe,UNI
United Kingdom,2023-10-25,682750,13669,8395,184,67000000,Europe,UNI
United Kingdom,2023-10-26,691171,13810,8421,141,67000000,Europe,UNI
United Kingdom,2023-10-27,699481,13972,8310,162,67000000,Europe,UNI
United Kingdom,2023-10-28,707994,14116,8513,144,67000000,Europe,UNI
United Kingdom,2023-10-29,716550,14262,8556,146,67000000,Europe,UNI
United Kingdom,2023-10-30,725060,14452,8510,190,67000000,Europe,UNI
United Kingdom,2023-10-31,733718,14646,8658,194,67000000,Europe,UNI
United Kingdom,2023-11-01,742420,14820,8702,174,67000000,Europe,UNI
United Kingdom,2023-11-02,751053,15016,8633,196,67000000,Europe,UNI
United Kingdom,2023-11-03,759781,15204,8728,188,67000000,Europe,UNI
United Kingdom,2023-11-04,768524,15398,8743,194,67000000,Europe,UNI
United Kingdom,2023-11-05,777468,15592,8944,194,67000000,Europe,UNI
United Kingdom,2023-11-06,786304,15739,8836,147,67000000,Europe,UNI
United Kingdom,2023-11-07,795323,15941,9019,202,67000000,Europe,UNI
United Kingdom,2023-11-08,804287,16129,8964,188,67000000,Europe,UNI
United Kingdom,2023-11-09,813267,16280,8980,151,67000000,Europe,UNI
United Kingdom,2023-11-10,822305,16478,9038,198,67000000,Europe,UNI
United Kingdom,2023-11-11,831449,16675,9144,197,67000000,Europe,UNI
United Kingdom,2023-11-12,840708,16858,9259,183,67000000,Europe,UNI
United Kingdom,2023-11-13,850020,17051,9312,193,67000000,Europe,UNI
United Kingdom,2023-11-14,859362,17225,9342,174,67000000,Europe,UNI
United Kingdom,2023-11-15,868805,17438,9443,213,67000000,Europe,UNI
United Kingdom,2023-11-16,878286,17605,9481,167,67000000,Europe,UNI
United Kingdom,2023-11-17,887703,17827,9417,222,67000000,Europe,UNI
United Kingdom,2023-11-18,897201,17998,9498,171,67000000,Europe,UNI
United Kingdom,2023-11-19,906680,18162,9479,164,67000000,Europe,UNI
United Kingdom,2023-11-20,916334,18382,9654,220,67000000,Europe,UNI
United Kingdom,2023-11-21,925922,18604,9588,222,67000000,Europe,UNI
United Kingdom,2023-11-22,935641,18788,9719,184,67000000,Europe,UNI
United Kingdom,2023-11-23,945471,18992,9830,204,67000000,Europe,UNI
United Kingdom,2023-11-24,955187,19166,9716,174,67000000,Europe,UNI
United Kingdom,2023-11-25,964947,19358,9760,192,67000000,Europe,UNI
United Kingdom,2023-11-26,974922,19542,9975,184,67000000,Europe,UNI
United Kingdom,2023-11-27,984944,19775,10022,233,67000000,Europe,UNI
United Kingdom,2023-11-28,994879,20002,9935,227,67000000,Europe,UNI
United Kingdom,2023-11-29,1004884,20236,10005,234,67000000,Europe,UNI
United Kingdom,2023-11-30,1014907,20400,10023,164,67000000,Europe,UNI
United Kingdom,2023-12-01,1025105,20636,10198,236,67000000,Europe,UNI
United Kingdom,2023-12-02,1035225,20798,10120,162,67000000,Europe,UNI
United Kingdom,2023-12-03,1045543,20978,10318,180,67000000,Europe,UNI
United Kingdom,2023-12-04,1055912,21192,10369,214,67000000,Europe,UNI
United Kingdom,2023-12-05,1066313,21397,10401,205,67000000,Europe,UNI
United Kingdom,2023-12-06,1076651,21631,10338,234,67000000,Europe,UNI
United Kingdom,2023-12-07,1087133,21850,10482,219,67000000,Europe,UNI
United Kingdom,2023-12-08,1097721,22089,10588,239,67000000,Europe,UNI
United Kingdom,2023-12-09,1108280,22291,10559,202,67000000,Europe,UNI
United Kingdom,2023-12-10,1118850,22524,10570,233,67000000,Europe,UNI
United Kingdom,2023-12-11,1129543,22726,10693,202,67000000,Europe,UNI
United Kingdom,2023-12-12,1140231,22898,10688,172,67000000,Europe,UNI
United Kingdom,2023-12-13,1150993,23126,10762,228,67000000,Europe,UNI
United Kingdom,2023-12-14,1161778,23345,10785,219,67000000,Europe,UNI
United Kingdom,2023-12-15,1172649,23524,10871,179,67000000,Europe,UNI
United Kingdom,2023-12-16,1183593,23721,10944,197,67000000,Europe,UNI
United Kingdom,2023-12-17,1194593,23967,11000,246,67000000,Europe,UNI
